,player,span,Mat,Inns,NO,Runs,HS,Avg,SR,100's,50's,0's,Country
0,Aftab Alam,2019-2019,3,3,1,14,14,7.00,116.66,-,-,1,Afghanistan
1,MM Ali,2019-2019,5,5,1,75,31*,18.75,111.94,-,-,-,England
2,FA Allen,2019-2019,3,3,1,51,51,25.50,154.54,-,1,1,West Indies
3,SW Ambris,2019-2019,2,2,0,36,31,18.00,78.26,-,-,-,West Indies
4,HM Amla,2019-2019,7,7,2,203,80*,40.60,64.85,-,2,-,South Africa
5,Asghar Afghan,2019-2019,6,6,0,154,44,25.66,87.00,-,-,1,Afghanistan
6,Asif Ali,2019-2019,2,2,0,19,14,9.50,100.00,-,-,-,Pakistan
7,Babar Azam,2019-2019,8,8,1,474,101*,67.71,87.77,1,3,-,Pakistan
8,CR Brathwaite,2019-2019,8,6,1,154,101,30.80,106.20,1,-,-,West Indies
9,DM Bravo,2019-2019,3,2,0,19,19,9.50,100.00,-,-,1,West Indies
10,SS Cottrell,2019-2019,9,5,1,33,15,8.25,70.21,-,-,1,West Indies
11,NM Coulter-Nile,2019-2019,5,3,0,98,92,32.66,136.11,-,1,-,Australia
12,Dawlat Zadran,2019-2019,5,5,1,11,6,2.75,32.35,-,-,1,Afghanistan
13,Q de Kock,2019-2019,9,9,1,305,68,38.12,86.89,-,3,-,South Africa
14,DM de Silva,2019-2019,7,7,3,108,29*,27.00,62.06,-,-,1,Sri Lanka
15,S Dhawan,2019-2019,2,2,0,125,117,62.50,103.30,1,-,-,India
16,JP Duminy,2019-2019,5,4,0,70,45,17.50,97.22,-,-,-,South Africa
17,F du Plessis,2019-2019,9,8,2,387,100,64.50,89.58,1,3,-,South Africa
18,Fakhar Zaman,2019-2019,8,8,0,186,62,23.25,81.93,-,1,2,Pakistan
19,N Pradeep,2019-2019,3,3,1,1,1*,0.50,8.33,-,-,2,Sri Lanka
20,WIA Fernando,2019-2019,4,4,0,203,104,50.75,105.72,1,-,-,Sri Lanka
21,ST Gabriel,2019-2019,3,2,1,3,3*,3.00,30.00,-,-,1,West Indies
22,CH Gayle,2019-2019,9,8,0,242,87,30.25,88.32,-,2,1,West Indies
23,Gulbadin Naib,2019-2019,9,9,0,194,47,21.55,79.83,-,-,-,Afghanistan
24,Hamid Hassan,2019-2019,5,5,2,15,7*,5.00,62.50,-,-,1,Afghanistan
25,Haris Sohail,2019-2019,5,5,0,198,89,39.60,94.73,-,2,-,Pakistan
26,Hasan Ali,2019-2019,4,3,1,43,32,21.50,179.16,-,-,-,Pakistan
27,Hashmatullah Shahidi,2019-2019,8,8,0,197,76,24.62,56.44,-,2,1,Afghanistan
28,Hazratullah Zazai,2019-2019,5,5,0,96,34,19.20,94.11,-,-,1,Afghanistan
29,BE Hendricks,2019-2019,2,-,0,-,-,-,0.00,-,-,-,South Africa
30,SO Hetmyer,2019-2019,9,8,1,257,54,36.71,101.58,-,2,-,West Indies
31,JO Holder,2019-2019,9,7,0,170,51,24.28,108.97,-,1,1,West Indies
32,SD Hope,2019-2019,9,8,0,274,96,34.25,70.43,-,3,-,West Indies
33,Ikram Alikhil,2019-2019,7,7,2,142,86,28.40,57.72,-,1,-,Afghanistan
34,Imad Wasim,2019-2019,6,5,2,162,49*,54.00,118.24,-,-,-,Pakistan
35,Imam-ul-Haq,2019-2019,8,8,0,305,100,38.12,76.25,1,1,-,Pakistan
36,Imran Tahir,2019-2019,9,4,2,11,10*,5.50,68.75,-,-,2,South Africa
37,KM Jadhav,2019-2019,6,5,3,80,52,40.00,80.80,-,1,-,India
38,FDM Karunaratne,2019-2019,7,7,1,222,97,37.00,71.38,-,2,1,Sri Lanka
39,UT Khawaja,2019-2019,9,9,0,316,89,35.11,88.26,-,2,-,Australia
40,Kuldeep Yadav,2019-2019,7,2,2,1,1*,-,50.00,-,-,-,India
41,RAS Lakmal,2019-2019,3,3,2,27,15*,27.00,81.81,-,-,-,Sri Lanka
42,E Lewis,2019-2019,5,5,0,131,70,26.20,81.36,-,2,1,West Indies
43,Litton Das,2019-2019,5,5,1,184,94*,46.00,110.17,-,1,-,Bangladesh
44,Mahmudullah,2019-2019,7,6,1,219,69,43.80,89.75,-,1,-,Bangladesh
45,SL Malinga,2019-2019,7,5,0,11,4,2.20,39.28,-,-,-,Sri Lanka
46,AK Markram,2019-2019,8,6,0,140,45,23.33,75.26,-,-,-,South Africa
47,SE Marsh,2019-2019,2,2,0,26,23,13.00,74.28,-,-,-,Australia
48,Mashrafe Mortaza,2019-2019,8,5,1,34,15,8.50,97.14,-,-,-,Bangladesh
49,AD Mathews,2019-2019,7,7,1,244,113,40.66,77.70,1,1,2,Sri Lanka
50,Mehidy Hasan Miraz,2019-2019,7,5,2,37,12,12.33,112.12,-,-,-,Bangladesh
51,BKG Mendis,2019-2019,7,7,0,143,46,20.42,67.13,-,-,1,Sri Lanka
52,BMAJ Mendis,2019-2019,3,3,0,19,18,6.33,37.25,-,-,1,Sri Lanka
53,DA Miller,2019-2019,6,4,0,136,38,34.00,86.62,-,-,-,South Africa
54,Mohammad Amir,2019-2019,8,3,1,11,8,5.50,78.57,-,-,1,Pakistan
55,Mohammad Hafeez,2019-2019,8,8,0,253,84,31.62,88.77,-,1,-,Pakistan
56,Mohammad Mithun,2019-2019,3,3,0,47,26,15.66,83.92,-,-,1,Bangladesh
57,Mohammad Nabi,2019-2019,9,9,0,107,52,11.88,64.07,-,1,1,Afghanistan
58,Mohammad Saifuddin,2019-2019,7,5,2,87,51*,29.00,120.83,-,1,1,Bangladesh
59,Mohammad Shahzad,2019-2019,2,2,0,7,7,3.50,46.66,-,-,1,Afghanistan
60,Mohammed Shami,2019-2019,4,3,0,2,1,0.66,33.33,-,-,1,India
61,CH Morris,2019-2019,8,4,1,74,42,24.66,121.31,-,-,-,South Africa
62,Mosaddek Hossain,2019-2019,7,6,0,117,35,19.50,106.36,-,-,-,Bangladesh
63,Mujeeb Ur Rahman,2019-2019,7,6,3,28,13,9.33,96.55,-,-,2,Afghanistan
64,C Munro,2019-2019,6,6,1,125,58*,25.00,97.65,-,1,1,New Zealand
65,Mushfiqur Rahim,2019-2019,8,8,1,367,102*,52.42,92.67,1,2,-,Bangladesh
66,Mustafizur Rahman,2019-2019,8,4,1,1,1,0.33,14.28,-,-,2,Bangladesh
67,Najibullah Zadran,2019-2019,8,8,0,230,51,28.75,88.80,-,1,-,Afghanistan
68,L Ngidi,2019-2019,4,2,1,7,6*,7.00,63.63,-,-,-,South Africa
69,Noor Ali Zadran,2019-2019,3,3,0,63,32,21.00,61.16,-,-,1,Afghanistan
70,AR Nurse,2019-2019,4,2,1,20,19*,20.00,76.92,-,-,-,West Indies
71,MDKJ Perera,2019-2019,7,7,0,273,78,39.00,110.97,-,3,-,Sri Lanka
72,NLTC Perera,2019-2019,6,6,0,61,27,10.16,95.31,-,-,-,Sri Lanka
73,AL Phehlukwayo,2019-2019,9,7,3,133,46*,33.25,85.25,-,-,1,South Africa
74,N Pooran,2019-2019,9,8,1,367,118,52.42,100.27,1,2,-,West Indies
75,D Pretorius,2019-2019,3,2,0,3,2,1.50,50.00,-,-,-,South Africa
76,K Rabada,2019-2019,9,4,2,58,31*,29.00,82.85,-,-,-,South Africa
77,Rahmat Shah,2019-2019,9,9,0,254,62,28.22,65.12,-,1,1,Afghanistan
78,CAK Rajitha,2019-2019,2,-,0,-,-,-,0.00,-,-,-,Sri Lanka
79,Rashid Khan,2019-2019,9,9,0,105,35,11.66,100.96,-,-,1,Afghanistan
80,KW Richardson,2019-2019,2,1,1,1,1*,-,100.00,-,-,-,Australia
81,KAJ Roach,2019-2019,4,2,1,28,14*,28.00,53.84,-,-,-,West Indies
82,Rubel Hossain,2019-2019,2,1,0,9,9,9.00,81.81,-,-,-,Bangladesh
83,AD Russell,2019-2019,4,3,0,36,21,12.00,124.13,-,-,1,West Indies
84,Sabbir Rahman,2019-2019,2,2,0,36,36,18.00,97.29,-,-,1,Bangladesh
85,Samiullah Shinwari,2019-2019,3,3,2,74,49*,74.00,80.43,-,-,-,Afghanistan
86,Sarfaraz Ahmed,2019-2019,8,8,3,143,55,28.60,87.19,-,1,-,Pakistan
87,Sayed Shirzad,2019-2019,1,1,0,25,25,25.00,147.05,-,-,-,Afghanistan
88,Shadab Khan,2019-2019,7,6,3,43,20*,14.33,110.25,-,-,1,Pakistan
89,Shaheen Shah Afridi,2019-2019,5,2,2,1,1*,-,16.66,-,-,-,Pakistan
90,T Shamsi,2019-2019,2,-,0,-,-,-,0.00,-,-,-,South Africa
91,V Shankar,2019-2019,3,3,1,58,29,29.00,77.33,-,-,-,India
92,Shakib Al Hasan,2019-2019,8,8,1,606,124*,86.57,96.03,2,5,-,Bangladesh
93,Shoaib Malik,2019-2019,3,3,0,8,8,2.66,72.72,-,-,2,Pakistan
94,TAM Siriwardana,2019-2019,1,1,0,3,3,3.00,75.00,-,-,-,Sri Lanka
95,IS Sodhi,2019-2019,1,1,0,5,5,5.00,125.00,-,-,-,New Zealand
96,Soumya Sarkar,2019-2019,8,8,0,166,42,20.75,101.21,-,-,-,Bangladesh
97,TG Southee,2019-2019,1,1,1,7,7*,-,43.75,-,-,-,New Zealand
98,Tamim Iqbal,2019-2019,8,8,0,235,62,29.37,71.64,-,1,-,Bangladesh
99,HDRL Thirimanne,2019-2019,5,5,1,143,53,35.75,87.73,-,1,-,Sri Lanka
100,O Thomas,2019-2019,9,6,4,13,6*,6.50,27.65,-,-,-,West Indies
101,I Udana,2019-2019,7,7,1,45,17,7.50,60.00,-,-,1,Sri Lanka
102,HE van der Dussen,2019-2019,9,6,1,311,95,62.20,90.40,-,3,-,South Africa
103,JDF Vandersay,2019-2019,1,-,0,-,-,-,0.00,-,-,-,Sri Lanka
104,JM Vince,2019-2019,3,3,0,40,26,13.33,78.43,-,-,1,England
105,Wahab Riaz,2019-2019,8,6,1,88,45,17.60,127.53,-,-,-,Pakistan
106,A Zampa,2019-2019,4,2,1,1,1,1.00,33.33,-,-,-,Australia
107,JC Archer,2019-2019,11,7,3,13,7*,3.25,59.09,-,-,1,England
108,JM Bairstow,2019-2019,11,11,0,532,111,48.36,92.84,2,2,2,England
109,JP Behrendorff,2019-2019,5,3,1,12,11*,6.00,109.09,-,-,1,Australia
110,TA Boult,2019-2019,10,4,3,10,4,10.00,52.63,-,-,-,New Zealand
111,JJ Bumrah,2019-2019,9,3,3,1,1*,-,100.00,-,-,-,India
112,JC Buttler,2019-2019,11,9,0,312,103,34.66,122.83,1,2,-,England
113,AT Carey,2019-2019,10,9,3,375,85,62.50,104.16,-,3,-,Australia
114,YS Chahal,2019-2019,8,1,0,5,5,5.00,100.00,-,-,-,India
115,PJ Cummins,2019-2019,10,8,1,51,23*,7.28,75.00,-,-,1,Australia
116,C de Grandhomme,2019-2019,10,8,0,190,64,23.75,100.52,-,2,1,New Zealand
117,MS Dhoni,2019-2019,9,8,2,273,56*,45.50,87.78,-,2,-,India
118,LH Ferguson,2019-2019,9,2,1,4,4*,4.00,66.66,-,-,1,New Zealand
119,AJ Finch,2019-2019,10,10,0,507,153,50.70,102.01,2,3,1,Australia
120,MJ Guptill,2019-2019,10,10,1,186,73*,20.66,84.16,-,1,2,New Zealand
121,PSP Handscomb,2019-2019,1,1,0,4,4,4.00,33.33,-,-,-,Australia
122,MJ Henry,2019-2019,9,5,1,18,7,4.50,72.00,-,-,-,New Zealand
123,RA Jadeja,2019-2019,2,1,0,77,77,77.00,130.50,-,1,-,India
124,KD Karthik,2019-2019,3,2,0,14,8,7.00,41.17,-,-,-,India
125,V Kohli,2019-2019,9,9,1,443,82,55.37,94.05,-,5,-,India
126,B Kumar,2019-2019,6,2,0,2,2,1.00,50.00,-,-,1,India
127,TWM Latham,2019-2019,10,9,1,155,57,19.37,71.75,-,1,1,New Zealand
128,NM Lyon,2019-2019,4,3,2,8,5*,8.00,80.00,-,-,-,Australia
129,GJ Maxwell,2019-2019,10,10,2,177,46*,22.12,150.00,-,-,1,Australia
130,EJG Morgan,2019-2019,11,10,1,371,148,41.22,111.07,1,1,-,England
131,JDS Neesham,2019-2019,10,8,1,232,97*,33.14,78.91,-,1,-,New Zealand
132,HM Nicholls,2019-2019,4,4,0,91,55,22.75,61.07,-,1,1,New Zealand
133,HH Pandya,2019-2019,9,9,2,226,48,32.28,112.43,-,-,1,India
134,RR Pant,2019-2019,4,4,0,116,48,29.00,89.23,-,-,-,India
135,LE Plunkett,2019-2019,7,5,4,62,27*,62.00,151.21,-,-,-,England
136,KL Rahul,2019-2019,9,9,1,361,111,45.12,77.46,1,2,1,India
137,AU Rashid,2019-2019,11,5,1,45,25,11.25,118.42,-,-,1,England
138,JE Root,2019-2019,11,11,2,556,107,61.77,89.53,2,3,-,England
139,JJ Roy,2019-2019,8,7,0,443,153,63.28,115.36,1,4,-,England
140,MJ Santner,2019-2019,10,8,5,72,17*,24.00,72.72,-,-,-,New Zealand
141,RG Sharma,2019-2019,9,9,1,648,140,81.00,98.33,5,1,-,India
142,SPD Smith,2019-2019,10,10,0,379,85,37.90,85.94,-,4,-,Australia
143,MA Starc,2019-2019,10,8,2,68,29,11.33,89.47,-,-,1,Australia
144,MP Stoinis,2019-2019,8,7,1,87,22,14.50,76.99,-,-,2,Australia
145,BA Stokes,2019-2019,11,10,3,465,89,66.42,93.18,-,5,-,England
146,LRPL Taylor,2019-2019,10,9,0,350,82,38.88,75.26,-,3,-,New Zealand
147,DA Warner,2019-2019,10,10,1,647,166,71.88,89.36,3,3,-,Australia
148,KS Williamson,2019-2019,10,9,2,578,148,82.57,74.96,2,2,-,New Zealand
149,CR Woakes,2019-2019,11,10,2,134,40,16.75,89.93,-,-,-,England
150,MA Wood,2019-2019,10,4,2,11,10*,5.50,91.66,-,-,2,England
